0_x,0_y,0_z,1_x,1_y,1_z,2_x,2_y,2_z,3_x,3_y,3_z,4_x,4_y,4_z,5_x,5_y,5_z,6_x,6_y,6_z,7_x,7_y,7_z,8_x,8_y,8_z,9_x,9_y,9_z,10_x,10_y,10_z,11_x,11_y,11_z,12_x,12_y,12_z,13_x,13_y,13_z,14_x,14_y,14_z,15_x,15_y,15_z,16_x,16_y,16_z,17_x,17_y,17_z,18_x,18_y,18_z,19_x,19_y,19_z,20_x,20_y,20_z,21_x,21_y,21_z,22_x,22_y,22_z,23_x,23_y,23_z,24_x,24_y,24_z,25_x,25_y,25_z,26_x,26_y,26_z,27_x,27_y,27_z,28_x,28_y,28_z,29_x,29_y,29_z,30_x,30_y,30_z,31_x,31_y,31_z,32_x,32_y,32_z,33_x,33_y,33_z,34_x,34_y,34_z,35_x,35_y,35_z,36_x,36_y,36_z,37_x,37_y,37_z,38_x,38_y,38_z,39_x,39_y,39_z,40_x,40_y,40_z,41_x,41_y,41_z
,,,,,,,,,,,,,,,,,,,,,,,,,,,,,,,,,,,,,,,,,,,,,,,,,,,,,,,,,,,,,,,0.0017180643044412136,0.0855347216129303,-0.03971594572067261,-0.030787702649831772,0.06414888799190521,-0.028782431036233902,-0.048940349370241165,0.0401013009250164,-0.023843709379434586,-0.05727481469511986,0.007676470559090376,-0.01930341124534607,-0.05705497786402702,-0.01784614846110344,-0.021746709942817688,-0.021005714312195778,7.158424705266953e-05,0.012008070945739746,-0.02546515502035618,-0.025490133091807365,0.009770505130290985,-0.036927156150341034,-0.03383486717939377,-0.007792873308062553,-0.050450947135686874,-0.022911518812179565,-0.030164621770381927,9.555224096402526e-05,-0.002825391013175249,0.005616143345832825,-0.006516493856906891,-0.03596861660480499,-0.00013446807861328125,-0.023621834814548492,-0.038291968405246735,-0.023724481463432312,-0.03566484525799751,-0.021688733249902725,-0.04903039336204529,0.014313538558781147,-0.0016257439274340868,-0.006317337974905968,0.008362680673599243,-0.03429841250181198,-0.010650109499692917,-0.005878724157810211,-0.028977511450648308,-0.03496557101607323,-0.017379680648446083,-0.009422365576028824,-0.0550849586725235,0.023915281519293785,0.00568003673106432,-0.02470577135682106,0.02725413255393505,-0.020659469068050385,-0.02738911285996437,0.017208442091941833,-0.028334613889455795,-0.046986620873212814,0.007449755910784006,-0.016090357676148415,-0.06514912843704224
,,,,,,,,,,,,,,,,,,,,,,,,,,,,,,,,,,,,,,,,,,,,,,,,,,,,,,,,,,,,,,,0.003340641036629677,0.08428505063056946,-0.038322564214468,-0.031222593039274216,0.06250488013029099,-0.026853330433368683,-0.04928167164325714,0.03899066150188446,-0.024325748905539513,-0.060698240995407104,0.008682896383106709,-0.022378817200660706,-0.062496744096279144,-0.01993672363460064,-0.024906065315008163,-0.02284514158964157,-0.0015609790571033955,0.010956957936286926,-0.025951603427529335,-0.026310641318559647,0.008715696632862091,-0.037992071360349655,-0.033505044877529144,-0.008433908224105835,-0.049549784511327744,-0.02121170610189438,-0.03397701680660248,-0.00040697157965041697,-0.0038271546363830566,0.005896814167499542,-0.006087836809456348,-0.036839503794908524,-0.002375781536102295,-0.021355880424380302,-0.03835152089595795,-0.025190509855747223,-0.03556216135621071,-0.02239580824971199,-0.05016733705997467,0.01596706733107567,-0.00027153664268553257,-0.006459083408117294,0.010569799691438675,-0.03383123502135277,-0.014366531744599342,-0.005369622725993395,-0.030991865321993828,-0.04031451791524887,-0.017989598214626312,-0.014628225937485695,-0.06035161018371582,0.027453290298581123,0.00859038159251213,-0.024836093187332153,0.027844704687595367,-0.019106954336166382,-0.02932189404964447,0.013086001388728619,-0.0276061799377203,-0.0484478697180748,0.0011785002425312996,-0.012920652516186237,-0.06659026443958282
,,,,,,,,,,,,,,,,,,,,,,,,,,,,,,,,,,,,,,,,,,,,,,,,,,,,,,,,,,,,,,,0.003125241957604885,0.08619890362024307,-0.03648443520069122,-0.03053588606417179,0.0628550574183464,-0.025874532759189606,-0.04866771772503853,0.03926749527454376,-0.023408154025673866,-0.061057716608047485,0.008990015834569931,-0.020936138927936554,-0.06297419220209122,-0.019119538366794586,-0.023525971919298172,-0.02281963638961315,-0.003030367661267519,0.010779350996017456,-0.024722952395677567,-0.02765076607465744,0.008123010396957397,-0.03717849403619766,-0.03470512852072716,-0.00930759310722351,-0.04961497336626053,-0.02315591275691986,-0.0362875834107399,-0.0003581320634111762,-0.00391126424074173,0.005518242716789246,-0.0055624945089221,-0.03722049295902252,-0.0025986582040786743,-0.021383970975875854,-0.03804967179894447,-0.026792168617248535,-0.035706646740436554,-0.022754760459065437,-0.0528038889169693,0.016044918447732925,0.0006299423985183239,-0.006235033273696899,0.010953951627016068,-0.03294454514980316,-0.015293389558792114,-0.00499005476012826,-0.029560234397649765,-0.04149019718170166,-0.017450541257858276,-0.013853671960532665,-0.0630602091550827,0.027876706793904305,0.00998092070221901,-0.023594889789819717,0.02883283607661724,-0.01629866659641266,-0.029415931552648544,0.014090949669480324,-0.024554846808314323,-0.04887085407972336,0.001525036757811904,-0.01303568109869957,-0.06602232903242111
,,,,,,,,,,,,,,,,,,,,,,,,,,,,,,,,,,,,,,,,,,,,,,,,,,,,,,,,,,,,,,,0.0047966307029128075,0.09214378893375397,-0.02506660297513008,-0.02876286953687668,0.06793048977851868,-0.015640433877706528,-0.04916421324014664,0.04573460668325424,-0.012416422367095947,-0.06472718715667725,0.0164798554033041,-0.009771957993507385,-0.06826367229223251,-0.009523117914795876,-0.01030471920967102,-0.022613048553466797,-0.003975386265665293,0.011738330125808716,-0.02788221463561058,-0.028090793639421463,0.009964261204004288,-0.03939623385667801,-0.039516475051641464,-0.006216763518750668,-0.0525251179933548,-0.033378779888153076,-0.03367363661527634,-0.0010993117466568947,-0.005617028567939997,0.005114354193210602,-0.0043482230976223946,-0.0373266339302063,0.003751784563064575,-0.017444754019379616,-0.047471240162849426,-0.018076971173286438,-0.030170276761054993,-0.03848603740334511,-0.04766693711280823,0.016034381464123726,0.0023709165398031473,-0.006896842271089554,0.01528219785541296,-0.031232010573148727,-0.011933386325836182,0.0042766607366502285,-0.03816545382142067,-0.035597577691078186,-0.010627556592226028,-0.031741656363010406,-0.05880153179168701,0.02806088700890541,0.013894151896238327,-0.02298995479941368,0.031342513859272,-0.011642327532172203,-0.02459121122956276,0.022912152111530304,-0.024577545002102852,-0.04125150293111801,0.012097303755581379,-0.022880783304572105,-0.05967215076088905
,,,,,,,,,,,,,,,,,,,,,,,,,,,,,,,,,,,,,,,,,,,,,,,,,,,,,,,,,,,,,,,0.010837080888450146,0.09161176532506943,-0.025867443531751633,-0.025239359587430954,0.07258625328540802,-0.01890343800187111,-0.04692913591861725,0.054923128336668015,-0.010577473789453506,-0.0658486932516098,0.027873529121279716,-0.004221424460411072,-0.07805396616458893,0.008457867428660393,-0.002160966396331787,-0.021121937781572342,-0.00038849026896059513,0.010721787810325623,-0.028656860813498497,-0.025672530755400658,0.010636501014232635,-0.03997109457850456,-0.04260922968387604,-0.001668519340455532,-0.051386646926403046,-0.048007186502218246,-0.030896510928869247,-0.0010186744621023536,-0.004912855103611946,0.004726290702819824,-0.005630988162010908,-0.03614555671811104,0.006403148174285889,-0.014102226123213768,-0.05608241632580757,-0.01232387125492096,-0.027611561119556427,-0.06146179884672165,-0.039612770080566406,0.014618178829550743,-0.0019796418491750956,-0.005332276225090027,0.013003705069422722,-0.03053322806954384,-0.006056401878595352,0.0038895453326404095,-0.04981967434287071,-0.024173330515623093,-0.009846208617091179,-0.05994640290737152,-0.040810003876686096,0.02598041109740734,0.006984278559684753,-0.0207643061876297,0.028816014528274536,-0.015970587730407715,-0.022407911717891693,0.02117259055376053,-0.033432360738515854,-0.03448548913002014,0.01024617999792099,-0.04166937619447708,-0.047570694237947464
,,,,,,,,,,,,,,,,,,,,,,,,,,,,,,,,,,,,,,,,,,,,,,,,,,,,,,,,,,,,,,,0.01283581554889679,0.0924801453948021,-0.026186678558588028,-0.020146634429693222,0.07298123836517334,-0.017477694898843765,-0.0429227277636528,0.05602734908461571,-0.006833810359239578,-0.06278768926858902,0.030071444809436798,0.003390774130821228,-0.07670526206493378,0.01216554082930088,0.012075021862983704,-0.018804635852575302,-0.0014106889721006155,0.012132823467254639,-0.023864423856139183,-0.028929339721798897,0.013525806367397308,-0.03430687263607979,-0.04611443355679512,0.0006780512630939484,-0.04334411770105362,-0.05294911563396454,-0.028648115694522858,-0.0009200451895594597,-0.0048726219683885574,0.005104377865791321,-0.0038342331536114216,-0.03832615911960602,0.007071942090988159,-0.012580087408423424,-0.06153091415762901,-0.010665252804756165,-0.023146510124206543,-0.07037438452243805,-0.038920432329177856,0.012597441673278809,-0.0011409278959035873,-0.006943173706531525,0.011942673474550247,-0.032251402735710144,-0.0063509633764624596,0.0036139870062470436,-0.05469338223338127,-0.024674277752637863,-0.007865517400205135,-0.0684206485748291,-0.042584072798490524,0.02377578429877758,0.008621972054243088,-0.022940076887607574,0.02569579891860485,-0.015339840203523636,-0.02445945516228676,0.019790541380643845,-0.034503839910030365,-0.034735918045043945,0.011313093826174736,-0.04631344601511955,-0.04567341133952141
,,,,,,,,,,,,,,,,,,,,,,,,,,,,,,,,,,,,,,,,,,,,,,,,,,,,,,,,,,,,,,,0.015368066728115082,0.09309206902980804,-0.014957296662032604,-0.017146557569503784,0.07394503057003021,-0.006914153695106506,-0.04007389396429062,0.05694752186536789,0.0010323934257030487,-0.06246926635503769,0.03220157325267792,0.006320446729660034,-0.07874824106693268,0.014837173745036125,0.01376369595527649,-0.018880613148212433,-0.0033306232653558254,0.015111595392227173,-0.025090087205171585,-0.030065644532442093,0.014198757708072662,-0.03621676564216614,-0.04459597170352936,0.001618524082005024,-0.04674530029296875,-0.051005348563194275,-0.02720162272453308,-0.000998878851532936,-0.005584656726568937,0.004324913024902344,-0.004568248521536589,-0.03888237103819847,0.0050710588693618774,-0.013231653720140457,-0.06172125041484833,-0.013241395354270935,-0.02528364397585392,-0.07070615887641907,-0.04139247536659241,0.012371019460260868,-6.308464799076319e-05,-0.008691679686307907,0.009326014667749405,-0.03167017549276352,-0.009892640635371208,0.001960745546966791,-0.05189713463187218,-0.026745598763227463,-0.010023051872849464,-0.06631941348314285,-0.04374320060014725,0.02338268794119358,0.012542820535600185,-0.02471262961626053,0.02300107106566429,-0.01173371821641922,-0.02908254787325859,0.015504810027778149,-0.0303935669362545,-0.04020925238728523,0.005542032886296511,-0.0411318801343441,-0.05206385999917984
,,,,,,,,,,,,,,,,,,,,,,,,,,,,,,,,,,,,,,,,,,,,,,,,,,,,,,,,,,,,,,,0.017583465203642845,0.0945616289973259,-0.011501288041472435,-0.014036842621862888,0.0749056339263916,-0.0022056885063648224,-0.037250224500894547,0.05794619396328926,0.005913741886615753,-0.06018856167793274,0.03317394107580185,0.012668311595916748,-0.07465118169784546,0.015466511249542236,0.0196710005402565,-0.019076032564044,-0.0040740203112363815,0.01692931354045868,-0.02563394047319889,-0.031456150114536285,0.0150374136865139,-0.036141786724328995,-0.04458485543727875,0.0035035032778978348,-0.04729660600423813,-0.04946685954928398,-0.02367004007101059,-0.0012207949766889215,-0.006453210487961769,0.004745714366436005,-0.0049055190756917,-0.03989151865243912,0.00415349006652832,-0.01519903726875782,-0.061626967042684555,-0.011779054999351501,-0.027928587049245834,-0.06964362412691116,-0.03642404079437256,0.012284907512366772,0.000893670367076993,-0.01039448007941246,0.008627587929368019,-0.03206275776028633,-0.012179730460047722,-0.0005342727527022362,-0.05189180374145508,-0.027443096041679382,-0.013980137184262276,-0.06477952748537064,-0.04192334786057472,0.022547435015439987,0.014742672443389893,-0.027290765196084976,0.020400885492563248,-0.011443880386650562,-0.03143833950161934,0.011987153440713882,-0.0292483139783144,-0.04216808080673218,0.0028276327066123486,-0.04071708023548126,-0.05348820239305496
,,,,,,,,,,,,,,,,,,,,,,,,,,,,,,,,,,,,,,,,,,,,,,,,,,,,,,,,,,,,,,,0.016700921580195427,0.0943332314491272,-0.012839809991419315,-0.013863595202565193,0.07368190586566925,-0.0021493062376976013,-0.03584810718894005,0.05700007826089859,0.006821420043706894,-0.05864569544792175,0.03316729888319969,0.01707307994365692,-0.07434587180614471,0.01540876179933548,0.027570903301239014,-0.018341226503252983,-0.004036204889416695,0.01682227849960327,-0.02504711225628853,-0.03067340888082981,0.014950510114431381,-0.03534451872110367,-0.04395169019699097,0.0023164208978414536,-0.04655594378709793,-0.04922519624233246,-0.025647543370723724,-0.0010309654753655195,-0.006420452147722244,0.0048766061663627625,-0.004729882813990116,-0.03933921456336975,0.004041433334350586,-0.01499992422759533,-0.06069931387901306,-0.011667408049106598,-0.026267359033226967,-0.06787078082561493,-0.03738357126712799,0.012060117907822132,0.0010843661148101091,-0.010584551841020584,0.009213694371283054,-0.03202421963214874,-0.013092385604977608,0.0005688220262527466,-0.05176829919219017,-0.029280658811330795,-0.012248815968632698,-0.0641900971531868,-0.045586682856082916,0.02199598215520382,0.014698384329676628,-0.02782701514661312,0.020464714616537094,-0.011306357569992542,-0.03162883222103119,0.012821700423955917,-0.029275137931108475,-0.04175971448421478,0.0035005994141101837,-0.040617071092128754,-0.054105665534734726
,,,,,,,,,,,,,,,,,,,,,,,,,,,,,,,,,,,,,,,,,,,,,,,,,,,,,,,,,,,,,,,0.018566744402050972,0.09485725313425064,-0.01397449430078268,-0.01226047147065401,0.07431677728891373,-0.0022805631160736084,-0.03518333658576012,0.057897843420505524,0.007447816431522369,-0.05953025072813034,0.03460058569908142,0.01991891860961914,-0.07462028414011002,0.016451071947813034,0.0332094170153141,-0.018723251298069954,-0.0035732744727283716,0.01742786169052124,-0.025451304391026497,-0.029866015538573265,0.015382368117570877,-0.03579556196928024,-0.042780742049217224,0.0028094900771975517,-0.04694259911775589,-0.04779892787337303,-0.02593870460987091,-0.0013385624624788761,-0.006524099037051201,0.005023360252380371,-0.005607204977422953,-0.039248719811439514,0.00442880392074585,-0.016873886808753014,-0.06035415455698967,-0.01115281879901886,-0.028107397258281708,-0.06743907928466797,-0.037523120641708374,0.01225790474563837,0.0007714191451668739,-0.010976634919643402,0.008350668475031853,-0.03270355612039566,-0.013079358264803886,-0.000437089242041111,-0.05229359492659569,-0.028703613206744194,-0.013337340205907822,-0.06418994814157486,-0.04579773172736168,0.02257438376545906,0.014309782534837723,-0.028652800247073174,0.02024613879621029,-0.012270052917301655,-0.03180118650197983,0.012869739904999733,-0.030330555513501167,-0.041723065078258514,0.0036260071210563183,-0.04220116510987282,-0.05424022674560547
,,,,,,,,,,,,,,,,,,,,,,,,,,,,,,,,,,,,,,,,,,,,,,,,,,,,,,,,,,,,,,,0.018378306180238724,0.09490307420492172,-0.015135790221393108,-0.01365219708532095,0.07384662330150604,-0.004019789397716522,-0.0359245128929615,0.05777525156736374,0.0045606717467308044,-0.05890139937400818,0.03412003070116043,0.01368895173072815,-0.07231615483760834,0.0161297544836998,0.02359076589345932,-0.01932053454220295,-0.003588859224691987,0.01652991771697998,-0.025521112605929375,-0.029782747849822044,0.015006758272647858,-0.03571786731481552,-0.04364297166466713,0.0021705394610762596,-0.04708931967616081,-0.04865936189889908,-0.027217507362365723,-0.001090106088668108,-0.006351074669510126,0.004988230764865875,-0.00402642460539937,-0.03954266384243965,0.005477041006088257,-0.014592773281037807,-0.061602286994457245,-0.010141588747501373,-0.025777850300073624,-0.06752736866474152,-0.03643190860748291,0.012984354048967361,0.001129860756918788,-0.01081106811761856,0.010401182807981968,-0.03315195441246033,-0.011977974325418472,0.0016514305025339127,-0.05263155698776245,-0.02741573378443718,-0.011429294012486935,-0.06383253633975983,-0.04412364214658737,0.023729747161269188,0.014285314828157425,-0.02813829854130745,0.021359194070100784,-0.012250486761331558,-0.03020579367876053,0.01299804076552391,-0.02994634211063385,-0.03932498022913933,0.0029379883781075478,-0.04124712198972702,-0.05153262987732887
,,,,,,,,,,,,,,,,,,,,,,,,,,,,,,,,,,,,,,,,,,,,,,,,,,,,,,,,,,,,,,,0.018994227051734924,0.0947035700082779,-0.01320294477045536,-0.013134158216416836,0.07379848510026932,-0.0019216462969779968,-0.036563143134117126,0.05806510150432587,0.00494224950671196,-0.05977805331349373,0.03421393036842346,0.011666834354400635,-0.07190249115228653,0.016162652522325516,0.018768884241580963,-0.019242528825998306,-0.003932399675250053,0.01739177107810974,-0.025970028713345528,-0.02999948151409626,0.015205435454845428,-0.036540597677230835,-0.043872591108083725,0.0024756714701652527,-0.04841546714305878,-0.04843392223119736,-0.026817940175533295,-0.0008222754113376141,-0.006512213498353958,0.004893504083156586,-0.004118683747947216,-0.03914822265505791,0.005188792943954468,-0.015548900701105595,-0.060907721519470215,-0.010951519012451172,-0.026940546929836273,-0.06591888517141342,-0.03761495649814606,0.01281301025301218,0.0016996599733829498,-0.011368624866008759,0.009640301577746868,-0.03243638575077057,-0.013386692851781845,0.00044568534940481186,-0.05084187164902687,-0.028984056785702705,-0.013276021927595139,-0.06082393229007721,-0.04555594548583031,0.023249467834830284,0.014898372814059258,-0.02869695983827114,0.020143872126936913,-0.011477598920464516,-0.03138037025928497,0.011292588897049427,-0.028699958696961403,-0.0411478653550148,0.0005914364010095596,-0.039630237966775894,-0.05349334701895714
,,,,,,,,,,,,,,,,,,,,,,,,,,,,,,,,,,,,,,,,,,,,,,,,,,,,,,,,,,,,,,,0.01844092085957527,0.09529346227645874,-0.011555681936442852,-0.014550801366567612,0.07470764219760895,0.0012331567704677582,-0.03715760260820389,0.05861601233482361,0.006501227617263794,-0.05895872041583061,0.03390611708164215,0.011655882000923157,-0.07058055698871613,0.01551145501434803,0.01464153453707695,-0.01946113258600235,-0.004309291951358318,0.018484503030776978,-0.026046503335237503,-0.029912186786532402,0.015829920768737793,-0.036359310150146484,-0.04291240870952606,0.0031371237710118294,-0.04826625809073448,-0.04488585516810417,-0.02558627724647522,-0.0008193692774511874,-0.006945188157260418,0.004911482334136963,-0.0027178931050002575,-0.038922250270843506,0.005491212010383606,-0.014595450833439827,-0.05981791391968727,-0.011120624840259552,-0.026766933500766754,-0.06262993067502975,-0.03684854507446289,0.01311829499900341,0.002082633785903454,-0.012045864015817642,0.01102982647716999,-0.0317552387714386,-0.014502756297588348,0.0014320779591798782,-0.04896841198205948,-0.029782310128211975,-0.01337526272982359,-0.05610574036836624,-0.04519594460725784,0.023020047694444656,0.015436077490448952,-0.029876677319407463,0.020416289567947388,-0.010380474850535393,-0.03268640488386154,0.01173265278339386,-0.027029525488615036,-0.04297170788049698,0.0016860566101968288,-0.03565899282693863,-0.05463753640651703
,,,,,,,,,,,,,,,,,,,,,,,,,,,,,,,,,,,,,,,,,,,,,,,,,,,,,,,,,,,,,,,0.01883903704583645,0.09419944137334824,-0.009854689240455627,-0.014445703476667404,0.07422047853469849,0.0030297860503196716,-0.036719080060720444,0.057462289929389954,0.00808970257639885,-0.057667940855026245,0.033353108912706375,0.011897310614585876,-0.0669543445110321,0.014010078273713589,0.012963201850652695,-0.019517073407769203,-0.004689706489443779,0.01920260488986969,-0.025806937366724014,-0.029426932334899902,0.016269616782665253,-0.035748954862356186,-0.0419439934194088,0.0027790721505880356,-0.04754403606057167,-0.04182406887412071,-0.025941282510757446,-0.0008039900567382574,-0.006876140832901001,0.004879564046859741,-0.002339470200240612,-0.03901570662856102,0.005172431468963623,-0.014856124296784401,-0.0578610897064209,-0.01167377084493637,-0.0280512236058712,-0.05901359021663666,-0.03713332116603851,0.013291660696268082,0.002416399074718356,-0.012510214000940323,0.01067240908741951,-0.031713925302028656,-0.014587942510843277,0.0008143158629536629,-0.047890618443489075,-0.03034934028983116,-0.014816369861364365,-0.051844168454408646,-0.045975323766469955,0.023275066167116165,0.015826992690563202,-0.030287638306617737,0.019950617104768753,-0.009768985211849213,-0.032609209418296814,0.00961257517337799,-0.026394063606858253,-0.04360835999250412,-0.0013111019507050514,-0.03405781835317612,-0.05553334578871727
,,,,,,,,,,,,,,,,,,,,,,,,,,,,,,,,,,,,,,,,,,,,,,,,,,,,,,,,,,,,,,,0.01876346580684185,0.09377186000347137,-0.012922241352498531,-0.014672018587589264,0.07341550290584564,-4.953891038894653e-05,-0.037400275468826294,0.05709417536854744,0.0030351877212524414,-0.05668666213750839,0.03289957344532013,0.004959702491760254,-0.062126319855451584,0.012763680890202522,0.00465741753578186,-0.020237291231751442,-0.004524333868175745,0.018159136176109314,-0.02612050622701645,-0.028721369802951813,0.015433389693498611,-0.03653281182050705,-0.04076268523931503,0.0017772093415260315,-0.04926598072052002,-0.0390571691095829,-0.027345821261405945,-0.0006846475880593061,-0.006482025608420372,0.004772000014781952,-0.0025548706762492657,-0.039011288434267044,0.0052770525217056274,-0.01552867703139782,-0.05628408491611481,-0.012564651668071747,-0.029658176004886627,-0.05636760592460632,-0.038887545466423035,0.013951837085187435,0.002538371831178665,-0.011843167245388031,0.011687353253364563,-0.03186569735407829,-0.01400064304471016,0.0011530453339219093,-0.047026220709085464,-0.031249845400452614,-0.014930875971913338,-0.05001383647322655,-0.04808557406067848,0.023843638598918915,0.015679456293582916,-0.029184669256210327,0.020513318479061127,-0.009567270055413246,-0.031288519501686096,0.0093622338026762,-0.02556896023452282,-0.042626988142728806,-0.0024990318343043327,-0.03281623125076294,-0.05548074468970299
,,,,,,,,,,,,,,,,,,,,,,,,,,,,,,,,,,,,,,,,,,,,,,,,,,,,,,,,,,,,,,,0.018693067133426666,0.09260533004999161,-0.014196004718542099,-0.015116219408810139,0.0732167512178421,-0.0027933605015277863,-0.03758683800697327,0.05744393169879913,0.0024869218468666077,-0.05649196356534958,0.0333310067653656,0.005337253212928772,-0.0613260492682457,0.014424186199903488,0.006373904645442963,-0.020141467452049255,-0.004554254002869129,0.017287760972976685,-0.026598650962114334,-0.02849973738193512,0.015511877834796906,-0.03671612590551376,-0.04087681695818901,0.0013263188302516937,-0.04970225691795349,-0.037685148417949677,-0.027710363268852234,-0.0006902887253090739,-0.006049094256013632,0.004689238965511322,-0.0031518028117716312,-0.03944448009133339,0.005786329507827759,-0.016704121604561806,-0.05686381831765175,-0.012677371501922607,-0.031057151034474373,-0.055160488933324814,-0.0386023223400116,0.013944566249847412,0.0020791010465472937,-0.011182039976119995,0.010587615892291069,-0.03201078996062279,-0.013037458062171936,-0.0005304133519530296,-0.04627203941345215,-0.03130454570055008,-0.01677081733942032,-0.04754664748907089,-0.04793888330459595,0.02404477819800377,0.014485129155218601,-0.028221510350704193,0.020904850214719772,-0.010204519145190716,-0.02993408590555191,0.009418593719601631,-0.02592240832746029,-0.041479069739580154,-0.0029169623740017414,-0.03319434076547623,-0.054073628038167953
,,,,,,,,,,,,,,,,,,,,,,,,,,,,,,,,,,,,,,,,,,,,,,,,,,,,,,,,,,,,,,,0.01703992486000061,0.09281301498413086,-0.020776651799678802,-0.016575530171394348,0.07405862212181091,-0.005518235266208649,-0.03832046315073967,0.05873677879571915,0.001945503056049347,-0.05688988417387009,0.036102376878261566,0.011801421642303467,-0.061760589480400085,0.016390401870012283,0.01971558853983879,-0.01941700652241707,-0.0034041530452668667,0.01889766752719879,-0.025208234786987305,-0.026732590049505234,0.01864423230290413,-0.03629304841160774,-0.038335416465997696,0.00392000749707222,-0.04910324141383171,-0.03649359941482544,-0.025045767426490784,-0.0006499206065200269,-0.0055709718726575375,0.005392841994762421,-0.0045355865731835365,-0.037754837423563004,0.006351247429847717,-0.018105991184711456,-0.05352788418531418,-0.013099752366542816,-0.03438849002122879,-0.051075324416160583,-0.039873212575912476,0.013172471895813942,0.0005498607642948627,-0.012150507420301437,0.010564729571342468,-0.03256373107433319,-0.01245536282658577,-0.0017108251340687275,-0.04668523371219635,-0.0316535159945488,-0.01939944550395012,-0.047048501670360565,-0.049208804965019226,0.023263465613126755,0.012461064383387566,-0.0312960222363472,0.020838512107729912,-0.012834799475967884,-0.03250127658247948,0.009654238820075989,-0.02986527793109417,-0.04348054155707359,-0.003170744515955448,-0.03734907507896423,-0.05628489330410957
,,,,,,,,,,,,,,,,,,,,,,,,,,,,,,,,,,,,,,,,,,,,,,,,,,,,,,,,,,,,,,,0.015963133424520493,0.09089332818984985,-0.01689971797168255,-0.017775867134332657,0.07268743216991425,-0.0007593519985675812,-0.03891462832689285,0.05683460831642151,0.005641106516122818,-0.05622071772813797,0.035513635724782944,0.013536348938941956,-0.06117773428559303,0.01592673733830452,0.018969282507896423,-0.018566247075796127,-0.0034929190296679735,0.019875839352607727,-0.025321485474705696,-0.02649208903312683,0.019392751157283783,-0.03754809498786926,-0.03779129683971405,0.004668395966291428,-0.05176078528165817,-0.033009469509124756,-0.024013452231884003,-0.00018246762920171022,-0.00523782754316926,0.005265839397907257,-0.004741701763123274,-0.03710666298866272,0.0057983845472335815,-0.019717685878276825,-0.051750391721725464,-0.013634450733661652,-0.03645278140902519,-0.04800957441329956,-0.03904572129249573,0.012888731434941292,0.0011638619471341372,-0.013094056397676468,0.010168449953198433,-0.03189723938703537,-0.012875968590378761,-0.0026772129349410534,-0.04422363266348839,-0.03170817345380783,-0.020555345341563225,-0.0423436239361763,-0.047314729541540146,0.022247686982154846,0.012923924252390862,-0.03178279101848602,0.019381187856197357,-0.011449020355939865,-0.03339623659849167,0.0069448864087462425,-0.02739560976624489,-0.04469772428274155,-0.005845439620316029,-0.031844329088926315,-0.056654930114746094
,,,,,,,,,,,,,,,,,,,,,,,,,,,,,,,,,,,,,,,,,,,,,,,,,,,,,,,,,,,,,,,0.01433246023952961,0.09140609949827194,-0.013477632775902748,-0.01817144826054573,0.0726093128323555,0.0016138888895511627,-0.03972233831882477,0.056588027626276016,0.006587952375411987,-0.0568000003695488,0.03417215868830681,0.012077480554580688,-0.05962663143873215,0.01397121511399746,0.015230946242809296,-0.01868590898811817,-0.003922820091247559,0.020123019814491272,-0.026563845574855804,-0.025985144078731537,0.01904097944498062,-0.03903955966234207,-0.0361119844019413,0.004223363474011421,-0.05394752696156502,-0.031827207654714584,-0.023674041032791138,-8.6455256678164e-05,-0.005568330641835928,0.005041487514972687,-0.004890192300081253,-0.03668572008609772,0.0059136152267456055,-0.019845088943839073,-0.0509367510676384,-0.01260819286108017,-0.03702962398529053,-0.047924887388944626,-0.03741774708032608,0.012954894453287125,0.0014416619669646025,-0.013191279023885727,0.009661596268415451,-0.03133384510874748,-0.013029031455516815,-0.0032155457884073257,-0.04326998442411423,-0.03080214187502861,-0.021861154586076736,-0.040816426277160645,-0.04583282768726349,0.022378602996468544,0.013192769140005112,-0.03142721951007843,0.017876319587230682,-0.010141116566956043,-0.033571790903806686,0.004717377480119467,-0.024433018639683723,-0.04438865929841995,-0.008322721347212791,-0.027705593034625053,-0.056520313024520874
,,,,,,,,,,,,,,,,,,,,,,,,,,,,,,,,,,,,,,,,,,,,,,,,,,,,,,,,,,,,,,,0.014313211664557457,0.09071556478738785,-0.0124789047986269,-0.017839733511209488,0.07180342078208923,0.002704750746488571,-0.038793109357357025,0.05607713386416435,0.0081777423620224,-0.05605630576610565,0.035067349672317505,0.013996154069900513,-0.059967394918203354,0.015050217509269714,0.016947150230407715,-0.018103374168276787,-0.0038204698357731104,0.020125940442085266,-0.025773759931325912,-0.026820003986358643,0.01920328661799431,-0.038195230066776276,-0.03737109154462814,0.004195097833871841,-0.05438179150223732,-0.030558809638023376,-0.02414417266845703,-0.00019602663815021515,-0.00554178562015295,0.005069643259048462,-0.004116829484701157,-0.03822077065706253,0.004992470145225525,-0.01927267014980316,-0.051216136664152145,-0.014467425644397736,-0.03647484630346298,-0.045455045998096466,-0.03949320316314697,0.012940192595124245,0.0017194778192788363,-0.013180296868085861,0.01008027046918869,-0.03148355707526207,-0.014401428401470184,-0.004298762418329716,-0.04188888520002365,-0.032530415803194046,-0.022340077906847,-0.03768368065357208,-0.04765389487147331,0.022125663235783577,0.014482574537396431,-0.030995476990938187,0.017236636951565742,-0.009163638576865196,-0.034503430128097534,0.002949958899989724,-0.022892065346240997,-0.04643864184617996,-0.00984408613294363,-0.025720659643411636,-0.05812938138842583
,,,,,,,,,,,,,,,,,,,,,,,,,,,,,,,,,,,,,,,,,,,,,,,,,,,,,,,,,,,,,,,0.014668915420770645,0.090613454580307,-0.013600796461105347,-0.017829036340117455,0.07166992127895355,0.00027969852089881897,-0.038605697453022,0.055977240204811096,0.0054380930960178375,-0.055113356560468674,0.03513529896736145,0.010300546884536743,-0.056920818984508514,0.015580838546156883,0.012630090117454529,-0.018381847068667412,-0.0034052012488245964,0.01887008547782898,-0.025667494162917137,-0.02687089703977108,0.018079835921525955,-0.03777012228965759,-0.0361422523856163,0.002719711512327194,-0.052664607763290405,-0.02728443220257759,-0.026440441608428955,-0.0002893292112275958,-0.005309111438691616,0.005045637488365173,-0.0041201673448085785,-0.03859430551528931,0.005170881748199463,-0.01974618434906006,-0.050883784890174866,-0.01504601538181305,-0.03590662404894829,-0.043394848704338074,-0.04128944128751755,0.013136192224919796,0.0010080691426992416,-0.012559868395328522,0.010368198156356812,-0.032748229801654816,-0.013381650671362877,-0.004073003306984901,-0.04274334758520126,-0.03281773254275322,-0.021841343492269516,-0.037028949707746506,-0.049311716109514236,0.02261921390891075,0.013883139938116074,-0.03019787184894085,0.018356382846832275,-0.01030487660318613,-0.03325466066598892,0.004126662854105234,-0.023754272609949112,-0.045572828501462936,-0.009233761578798294,-0.024822751060128212,-0.05790816619992256
,,,,,,,,,,,,,,,,,,,,,,,,,,,,,,,,,,,,,,,,,,,,,,,,,,,,,,,,,,,,,,,0.014760293066501617,0.09050802886486053,-0.014264656230807304,-0.018065065145492554,0.07192171365022659,-0.001343119889497757,-0.0390130989253521,0.05640958249568939,0.004602458328008652,-0.05544416978955269,0.03574599325656891,0.01021122932434082,-0.05722837895154953,0.016048049554228783,0.012671418488025665,-0.01889694668352604,-0.0028273758944123983,0.018255919218063354,-0.025908440351486206,-0.0267254076898098,0.018123745918273926,-0.038032662123441696,-0.03628896549344063,0.0030650869011878967,-0.05279292166233063,-0.027355719357728958,-0.02577914297580719,-0.00028764584567397833,-0.0051576211117208,0.005095489323139191,-0.004141602665185928,-0.039118945598602295,0.006047189235687256,-0.019799042493104935,-0.05141940712928772,-0.014124378561973572,-0.03595598414540291,-0.043106015771627426,-0.03984352946281433,0.013569731265306473,0.0007932039443403482,-0.01202525943517685,0.0110572949051857,-0.033519942313432693,-0.01280144788324833,-0.004207593388855457,-0.04312865436077118,-0.032280512154102325,-0.022179782390594482,-0.03640228882431984,-0.048699092119932175,0.02315104566514492,0.013323468156158924,-0.029398353770375252,0.019260216504335403,-0.011029049754142761,-0.032152190804481506,0.00454899063333869,-0.02390097826719284,-0.044642649590969086,-0.008639946579933167,-0.023573165759444237,-0.056845538318157196
,,,,,,,,,,,,,,,,,,,,,,,,,,,,,,,,,,,,,,,,,,,,,,,,,,,,,,,,,,,,,,,0.013974666595458984,0.09068076312541962,-0.01349395327270031,-0.0187798123806715,0.07221142202615738,0.001448601484298706,-0.03940226137638092,0.0568651482462883,0.008351976051926613,-0.05551428720355034,0.03711376711726189,0.01635695993900299,-0.05766269937157631,0.01764342188835144,0.019914492964744568,-0.018290242180228233,-0.002932228846475482,0.019886493682861328,-0.024622958153486252,-0.027561772614717484,0.020901627838611603,-0.037736374884843826,-0.03640146180987358,0.006103847175836563,-0.05281177535653114,-0.025327444076538086,-0.020924851298332214,-1.0371208190917969e-05,-0.005478575360029936,0.005231983959674835,-0.0029034288600087166,-0.038942981511354446,0.006040632724761963,-0.019981656223535538,-0.050619129091501236,-0.013849705457687378,-0.03661850467324257,-0.040411029011011124,-0.037402138113975525,0.01328963041305542,0.0006599545013159513,-0.013235367834568024,0.01146242581307888,-0.033218976110219955,-0.013870066031813622,-0.004529287107288837,-0.04199318215250969,-0.03251593932509422,-0.022737320512533188,-0.0335838757455349,-0.04638398811221123,0.022273968905210495,0.01368068065494299,-0.030897850170731544,0.018900766968727112,-0.011592858470976353,-0.033288855105638504,0.003804236650466919,-0.02549687586724758,-0.04490186274051666,-0.009662915952503681,-0.0229805838316679,-0.05575154721736908
,,,,,,,,,,,,,,,,,,,,,,,,,,,,,,,,,,,,,,,,,,,,,,,,,,,,,,,,,,,,,,,0.012179143726825714,0.09054683893918991,-0.011405358090996742,-0.019552355632185936,0.07100796699523926,0.0029258690774440765,-0.03900669515132904,0.055435847491025925,0.010823540389537811,-0.05496928095817566,0.03581652045249939,0.019167721271514893,-0.05740565434098244,0.016554739326238632,0.023150727152824402,-0.01742515340447426,-0.002793548395857215,0.01971028745174408,-0.02322501689195633,-0.02851070463657379,0.021623607724905014,-0.036531370133161545,-0.03791485354304314,0.0074503012001514435,-0.052617739886045456,-0.027275074273347855,-0.020123079419136047,0.00016619835514575243,-0.005184677429497242,0.005066640675067902,-0.0021875468082726,-0.03904486447572708,0.005642324686050415,-0.019719647243618965,-0.052058376371860504,-0.013961195945739746,-0.03690125793218613,-0.04091896116733551,-0.03754778206348419,0.012852208688855171,0.000810734461992979,-0.013070359826087952,0.012219236232340336,-0.03341474384069443,-0.014207027852535248,-0.004825481213629246,-0.04150938615202904,-0.031680867075920105,-0.02296079695224762,-0.03295540064573288,-0.04534740746021271,0.020909616723656654,0.014464953914284706,-0.030189283192157745,0.01758859120309353,-0.011515479534864426,-0.03326030075550079,0.0018473961390554905,-0.02451328933238983,-0.04483385756611824,-0.011084720492362976,-0.02109701931476593,-0.05435281619429588
,,,,,,,,,,,,,,,,,,,,,,,,,,,,,,,,,,,,,,,,,,,,,,,,,,,,,,,,,,,,,,,0.013726663775742054,0.09114907681941986,-0.015947580337524414,-0.01879597082734108,0.07247702777385712,-0.0006965361535549164,-0.03955906629562378,0.05687468498945236,0.008554602041840553,-0.055876702070236206,0.0366687998175621,0.019415706396102905,-0.05787476524710655,0.0167049840092659,0.025254465639591217,-0.018504776060581207,-0.002611402189359069,0.02016158401966095,-0.024555625393986702,-0.02796538732945919,0.021753568202257156,-0.03873573988676071,-0.03668509051203728,0.007431529462337494,-0.054913993924856186,-0.02456820383667946,-0.019342586398124695,-4.379503661766648e-05,-0.005440435837954283,0.0052741169929504395,-0.0033820089884102345,-0.03988217934966087,0.006094977259635925,-0.02123361825942993,-0.051286742091178894,-0.013955868780612946,-0.03850500285625458,-0.039406731724739075,-0.03839699923992157,0.013304278254508972,0.0003726072609424591,-0.013225462287664413,0.011475048027932644,-0.033940449357032776,-0.014004681259393692,-0.006569468416273594,-0.041777417063713074,-0.03315052390098572,-0.024991651996970177,-0.032368723303079605,-0.04690330848097801,0.02204195037484169,0.013340986333787441,-0.031194649636745453,0.01842649281024933,-0.012663005851209164,-0.03381364792585373,0.002391321584582329,-0.025893649086356163,-0.0455777570605278,-0.011647778563201427,-0.021948182955384254,-0.05622844398021698
,,,,,,,,,,,,,,,,,,,,,,,,,,,,,,,,,,,,,,,,,,,,,,,,,,,,,,,,,,,,,,,0.014172928407788277,0.0911569744348526,-0.016915081068873405,-0.018094612285494804,0.07189194858074188,-0.00016461312770843506,-0.03900797292590141,0.05619674175977707,0.008984893560409546,-0.05532203987240791,0.036148473620414734,0.020285621285438538,-0.05643682926893234,0.016482947394251823,0.027464240789413452,-0.01756022684276104,-0.001918794121593237,0.02043457329273224,-0.023636508733034134,-0.02762029692530632,0.022764861583709717,-0.036912404000759125,-0.03681087866425514,0.008521933108568192,-0.053049758076667786,-0.026237862184643745,-0.017787963151931763,0.00011262099724262953,-0.005290025845170021,0.005253605544567108,-0.0033054216764867306,-0.03873300924897194,0.006344318389892578,-0.020757220685482025,-0.0517154186964035,-0.014155641198158264,-0.03816615790128708,-0.04046547785401344,-0.03792382776737213,0.013109595514833927,4.4710468500852585e-05,-0.01339656487107277,0.011278457939624786,-0.033574797213077545,-0.014343993738293648,-0.006543135270476341,-0.0421711765229702,-0.03224775195121765,-0.024738527834415436,-0.03352569416165352,-0.046420808881521225,0.02123880758881569,0.012902747839689255,-0.03148508444428444,0.017206266522407532,-0.012744569219648838,-0.03405899181962013,0.0012364578433334827,-0.025887643918395042,-0.0449477843940258,-0.012224987149238586,-0.02184683457016945,-0.05531712621450424
,,,,,,,,,,,,,,,,,,,,,,,,,,,,,,,,,,,,,,,,,,,,,,,,,,,,,,,,,,,,,,,0.015038233250379562,0.09094657748937607,-0.01594964787364006,-0.01809418573975563,0.07174984365701675,-0.0011773742735385895,-0.03818492218852043,0.05588402971625328,0.00693608820438385,-0.053920403122901917,0.03576359152793884,0.01582658290863037,-0.05514758825302124,0.016387157142162323,0.0213310569524765,-0.018200187012553215,-0.0025616618804633617,0.019108742475509644,-0.024285392835736275,-0.027307746931910515,0.020290102809667587,-0.03734667971730232,-0.03680722787976265,0.005603417754173279,-0.05257849395275116,-0.026924114674329758,-0.023205354809761047,1.03821512311697e-05,-0.005105361342430115,0.00538722425699234,-0.003442884422838688,-0.03823781758546829,0.006843999028205872,-0.02054961770772934,-0.05178384855389595,-0.013155266642570496,-0.036369744688272476,-0.04180464148521423,-0.03862285614013672,0.013183235190808773,0.0004340102896094322,-0.012807071208953857,0.011095244437456131,-0.03326888382434845,-0.013418331742286682,-0.005331898108124733,-0.04252806678414345,-0.03252755105495453,-0.023421090096235275,-0.034449152648448944,-0.04748907685279846,0.022109705954790115,0.013129588216543198,-0.03058355301618576,0.018750641494989395,-0.0118782427161932,-0.033173054456710815,0.003772981930524111,-0.02548406273126602,-0.04474310204386711,-0.009507911279797554,-0.024200083687901497,-0.05594244971871376
,,,,,,,,,,,,,,,,,,,,,,,,,,,,,,,,,,,,,,,,,,,,,,,,,,,,,,,,,,,,,,,0.015204332768917084,0.09076648950576782,-0.013611067086458206,-0.017462139949202538,0.07165340334177017,0.0014542154967784882,-0.038001060485839844,0.05610908940434456,0.008665213361382484,-0.05466287583112717,0.036189787089824677,0.01600298285484314,-0.056154899299144745,0.016602197661995888,0.020299367606639862,-0.018142201006412506,-0.0024346564896404743,0.019272252917289734,-0.023939505219459534,-0.027497202157974243,0.020608898252248764,-0.03673940524458885,-0.036943260580301285,0.005193889141082764,-0.05180370435118675,-0.026180677115917206,-0.02229495346546173,-0.00020804069936275482,-0.005104517098516226,0.005004756152629852,-0.0030720210634171963,-0.038632627576589584,0.005179852247238159,-0.020085999742150307,-0.05055330693721771,-0.015570685267448425,-0.036490533500909805,-0.039589956402778625,-0.03967677056789398,0.01323670707643032,0.000480633694678545,-0.012839138507843018,0.011199282482266426,-0.03280283138155937,-0.014872049912810326,-0.0052355192601680756,-0.04074311628937721,-0.033411819487810135,-0.02276775985956192,-0.03260917589068413,-0.04855909198522568,0.0222665686160326,0.013436676003038883,-0.030281908810138702,0.01878959871828556,-0.011520631611347198,-0.03359828144311905,0.0032170224003493786,-0.02438797615468502,-0.04606279358267784,-0.009912650100886822,-0.021986765787005424,-0.056842997670173645
,,,,,,,,,,,,,,,,,,,,,,,,,,,,,,,,,,,,,,,,,,,,,,,,,,,,,,,,,,,,,,,0.014798784628510475,0.0906362235546112,-0.009480897337198257,-0.017859594896435738,0.07128368318080902,0.0031535811722278595,-0.038534317165613174,0.05590958893299103,0.010746242478489876,-0.05512997880578041,0.03608626872301102,0.018690064549446106,-0.05711367353796959,0.01644115149974823,0.024343281984329224,-0.018214808776974678,-0.0031511203851550817,0.018884897232055664,-0.02422250062227249,-0.028497766703367233,0.019869640469551086,-0.03656724840402603,-0.03712861239910126,0.005565289407968521,-0.05181204900145531,-0.02690335363149643,-0.02246175706386566,-7.603620178997517e-05,-0.0053436108864843845,0.0049350932240486145,-0.0027939649298787117,-0.038770031183958054,0.0049918293952941895,-0.01961996778845787,-0.05172686278820038,-0.015337623655796051,-0.03606496378779411,-0.04056263715028763,-0.04002733528614044,0.013343430124223232,0.0007185367867350578,-0.012592781335115433,0.011782816611230373,-0.032929666340351105,-0.01418861374258995,-0.004521774593740702,-0.04131443053483963,-0.03276559337973595,-0.021983766928315163,-0.03313502296805382,-0.047502756118774414,0.022309988737106323,0.014616372063755989,-0.02951151877641678,0.01879763789474964,-0.011113211512565613,-0.03271503373980522,0.0033698859624564648,-0.024372488260269165,-0.04435833916068077,-0.009203819558024406,-0.021788163110613823,-0.05545717105269432
,,,,,,,,,,,,,,,,,,,,,,,,,,,,,,,,,,,,,,,,,,,,,,,,,,,,,,,,,,,,,,,0.013348812237381935,0.09097413718700409,-0.014739627949893475,-0.019205544143915176,0.07140672206878662,2.977997064590454e-05,-0.039492167532444,0.05575452744960785,0.00747472420334816,-0.0548592209815979,0.03569189831614494,0.015804022550582886,-0.05578172206878662,0.016910331323742867,0.020746998488903046,-0.01807614602148533,-0.002838826272636652,0.019056960940361023,-0.023848600685596466,-0.027280837297439575,0.019912738353013992,-0.03674417734146118,-0.03635489195585251,0.005342323333024979,-0.05278899148106575,-0.025882549583911896,-0.023081913590431213,2.6302412152290344e-05,-0.00523305544629693,0.005253225564956665,-0.0028633298352360725,-0.03781968727707863,0.006668552756309509,-0.019644401967525482,-0.05130557715892792,-0.012970201671123505,-0.03604777902364731,-0.04189429432153702,-0.03782139718532562,0.01315129455178976,0.00044763367623090744,-0.012779131531715393,0.01144002191722393,-0.032844819128513336,-0.013371311128139496,-0.005151489749550819,-0.042304668575525284,-0.03248046711087227,-0.023406298831105232,-0.03484153747558594,-0.047199495136737823,0.02205592580139637,0.013748438097536564,-0.030217792838811874,0.019059324637055397,-0.011383973062038422,-0.033251263201236725,0.004179136361926794,-0.024946818128228188,-0.04480447992682457,-0.009248846210539341,-0.023556241765618324,-0.05597874894738197
,,,,,,,,,,,,,,,,,,,,,,,,,,,,,,,,,,,,,,,,,,,,,,,,,,,,,,,,,,,,,,,0.011791559867560863,0.09126202762126923,-0.008801888674497604,-0.020067892968654633,0.07122349739074707,0.0020863376557826996,-0.04101167991757393,0.05614829808473587,0.007030637934803963,-0.056330606341362,0.03478351980447769,0.008970305323600769,-0.054857999086380005,0.015242229215800762,0.0069045573472976685,-0.019287846982479095,-0.003612956264987588,0.017482012510299683,-0.02359865978360176,-0.029882125556468964,0.01817576214671135,-0.036431729793548584,-0.03865877538919449,0.003357488662004471,-0.05166285112500191,-0.02458210289478302,-0.0247916579246521,-0.0001452251453883946,-0.005367940291762352,0.004686921834945679,-0.0021551596000790596,-0.04090435430407524,0.0055609047412872314,-0.019824087619781494,-0.05125059932470322,-0.0153375044465065,-0.035290397703647614,-0.03746611997485161,-0.03920191526412964,0.013725652359426022,0.0010333661921322346,-0.011772431433200836,0.012018062174320221,-0.03370193392038345,-0.014564979821443558,-0.004754840862005949,-0.04009823501110077,-0.03552195802330971,-0.021106058731675148,-0.02950560301542282,-0.05019129812717438,0.022802632302045822,0.01428655069321394,-0.02845555916428566,0.021033139899373055,-0.011560195125639439,-0.03074079006910324,0.005842936225235462,-0.024056555703282356,-0.04448281228542328,-0.0074938456527888775,-0.02024676650762558,-0.057536691427230835
,,,,,,,,,,,,,,,,,,,,,,,,,,,,,,,,,,,,,,,,,,,,,,,,,,,,,,,,,,,,,,,0.012496765702962875,0.09202846884727478,-0.006576186511665583,-0.01930399239063263,0.07100178301334381,0.0024074167013168335,-0.0410495325922966,0.055562201887369156,0.000851137563586235,-0.053002819418907166,0.03199893236160278,-0.0075035542249679565,-0.038865022361278534,0.013185063377022743,-0.018099568784236908,-0.02064620703458786,-0.0018023108132183552,0.016121745109558105,-0.024676311761140823,-0.028885189443826675,0.013872705399990082,-0.0356144979596138,-0.03267413750290871,-0.003945838660001755,-0.04553882032632828,-0.013057108968496323,-0.02965204417705536,-0.0006949519738554955,-0.005130942910909653,0.004195734858512878,-0.002602082211524248,-0.03971964865922928,0.0032052695751190186,-0.019182104617357254,-0.04430204629898071,-0.0191371887922287,-0.028666958212852478,-0.02342003956437111,-0.04071468114852905,0.014873440377414227,-6.016809493303299e-05,-0.011002905666828156,0.011550472117960453,-0.03567543625831604,-0.013815466314554214,-0.005209221038967371,-0.0354820154607296,-0.03579773008823395,-0.016186803579330444,-0.01773769035935402,-0.05167313292622566,0.0245321374386549,0.013062053360044956,-0.02665773406624794,0.020031262189149857,-0.01325480081140995,-0.029819197952747345,0.0035789841786026955,-0.01977892406284809,-0.045294828712940216,-0.007130159996449947,-0.007248229812830687,-0.057020459324121475
,,,,,,,,,,,,,,,,,,,,,,,,,,,,,,,,,,,,,,,,,,,,,,,,,,,,,,,,,,,,,,,0.015091046690940857,0.09515790641307831,-0.008113449439406395,-0.016424523666501045,0.07270488888025284,0.0023066215217113495,-0.03800106793642044,0.052774205803871155,0.0010271314531564713,-0.0454535186290741,0.022594057023525238,-0.013326764106750488,-0.023449048399925232,0.008048592135310173,-0.026470966637134552,-0.019814930856227875,-0.002752868691459298,0.016758903861045837,-0.02842017635703087,-0.0297467689961195,0.010600145906209946,-0.039089057594537735,-0.025987375527620316,-0.005575776100158691,-0.043719056993722916,7.399264723062515e-05,-0.019032955169677734,-0.00020671205129474401,-0.004973599687218666,0.003909245133399963,-0.00984953437000513,-0.03917163982987404,0.0013083070516586304,-0.026079349219799042,-0.032503753900527954,-0.017801374197006226,-0.028966007754206657,-0.0072054932825267315,-0.02708233892917633,0.014293239451944828,0.0005220880266278982,-0.011093240231275558,0.0010260655544698238,-0.03525090962648392,-0.013606850057840347,-0.015169726684689522,-0.02590137906372547,-0.03132065758109093,-0.019748138263821602,-0.0018766114953905344,-0.0380978137254715,0.02285013161599636,0.012463019229471684,-0.027305833995342255,0.011250689625740051,-0.013914410024881363,-0.029393894597887993,-0.007360384799540043,-0.01186006236821413,-0.042289335280656815,-0.008683323860168457,0.008120196871459484,-0.044749509543180466
,,,,,,,,,,,,,,,,,,,,,,,,,,,,,,,,,,,,,,,,,,,,,,,,,,,,,,,,,,,,,,,0.020836757495999336,0.09599293768405914,-0.0032217958942055702,-0.012037969194352627,0.07425754517316818,0.0068089887499809265,-0.03273661434650421,0.05257958173751831,0.005494803190231323,-0.04087972268462181,0.022590719163417816,-0.013331152498722076,-0.02034287340939045,0.011261840350925922,-0.03179965168237686,-0.017606990411877632,-0.0035975207574665546,0.017858177423477173,-0.029741579666733742,-0.026753587648272514,0.01020989939570427,-0.03942415863275528,-0.019228460267186165,-0.0039248988032341,-0.040450118482112885,0.005834733135998249,-0.009467676281929016,-0.00013306457549333572,-0.005823190324008465,0.004304677248001099,-0.01471390388906002,-0.03528118133544922,-0.0010544955730438232,-0.028370792046189308,-0.023634007200598717,-0.017283298075199127,-0.026274003088474274,0.0009569069370627403,-0.019699066877365112,0.013105813413858414,-0.00017022667452692986,-0.01151231862604618,-0.0033449663314968348,-0.03067902661859989,-0.015872269868850708,-0.018988199532032013,-0.01800725609064102,-0.03125622868537903,-0.01913469284772873,0.006609980016946793,-0.03226284310221672,0.021254753693938255,0.01367649994790554,-0.027610013261437416,0.006635839119553566,-0.008931814692914486,-0.0324229970574379,-0.01100764237344265,-0.0030589858070015907,-0.041940122842788696,-0.008791984990239143,0.018341733142733574,-0.04132953658699989
,,,,,,,,,,,,,,,,,,,,,,,,,,,,,,,,,,,,,,,,,,,,,,,,,,,,,,,,,,,,,,,0.02350742742419243,0.09556525200605392,-0.00936947762966156,-0.00940030813217163,0.0741744264960289,0.003483034670352936,-0.030816247686743736,0.052190717309713364,0.004636090248823166,-0.03918614611029625,0.020736876875162125,-0.010037116706371307,-0.019671212881803513,0.010845444165170193,-0.02640480548143387,-0.01707393117249012,-0.002480399329215288,0.018877536058425903,-0.02969284914433956,-0.0231059268116951,0.010323651134967804,-0.03807240352034569,-0.011317168362438679,-0.0018986798822879791,-0.03458443284034729,0.016264308243989944,-0.0007764548063278198,0.0003867330960929394,-0.005418826825916767,0.004771493375301361,-0.015585141256451607,-0.0330037884414196,-0.0011859610676765442,-0.028088446706533432,-0.019036857411265373,-0.016060911118984222,-0.023113958537578583,0.0062478831969201565,-0.015990085899829865,0.012029137462377548,-0.0006040160078555346,-0.012300845235586166,-0.006606372073292732,-0.030363671481609344,-0.017041243612766266,-0.020187584683299065,-0.015136059373617172,-0.030923012644052505,-0.01532292552292347,0.008884575217962265,-0.029226690530776978,0.019898582249879837,0.01242407038807869,-0.029426850378513336,0.0023582098074257374,-0.008322244510054588,-0.03493037819862366,-0.014747112058103085,0.0004127311985939741,-0.04234487935900688,-0.008252466097474098,0.02131621725857258,-0.03923437371850014
,,,,,,,,,,,,,,,,,,,,,,,,,,,,,,,,,,,,,,,,,,,,,,,,,,,,,,,,,,,,,,,0.02182610146701336,0.09363160282373428,-0.018151909112930298,-0.00988919846713543,0.07425183802843094,-0.0032277703285217285,-0.030315987765789032,0.05044732987880707,-0.0015054494142532349,-0.037656281143426895,0.01990816369652748,-0.012639537453651428,-0.019539007917046547,0.010127478279173374,-0.023842379450798035,-0.016704007983207703,-0.0009729331359267235,0.01805560290813446,-0.030690032988786697,-0.017668988555669785,0.006378833204507828,-0.03601745516061783,-0.0034159356728196144,-0.003976568579673767,-0.02860632911324501,0.023010630160570145,0.0031220614910125732,0.000582694192416966,-0.005265634972602129,0.005420185625553131,-0.0180535688996315,-0.027780193835496902,-0.003614388406276703,-0.027984321117401123,-0.010160953737795353,-0.017349600791931152,-0.017652340233325958,0.01009216159582138,-0.016298577189445496,0.011986800469458103,-0.0011792054865509272,-0.011844322085380554,-0.012219403870403767,-0.025810308754444122,-0.018886364996433258,-0.020784392952919006,-0.008568369783461094,-0.03154127672314644,-0.007989102974534035,0.012346651405096054,-0.028773248195648193,0.019392268732190132,0.010998777113854885,-0.02982771396636963,-0.0020082369446754456,-0.00553047563880682,-0.036396220326423645,-0.01651647873222828,0.005594159942120314,-0.044062525033950806,-0.0040964968502521515,0.02219449356198311,-0.039218246936798096
,,,,,,,,,,,,,,,,,,,,,,,,,,,,,,,,,,,,,,,,,,,,,,,,,,,,,,,,,,,,,,,0.015262599103152752,0.09387846291065216,-0.018171997740864754,-0.014156736433506012,0.0724576935172081,0.0009322352707386017,-0.03576332703232765,0.0518537312746048,0.00946926698088646,-0.04895816370844841,0.021785743534564972,0.010854199528694153,-0.036386653780937195,0.005833090282976627,0.009362250566482544,-0.014048473909497261,-0.0013777953572571278,0.02159203588962555,-0.027206076309084892,-0.027105968445539474,0.01929897628724575,-0.04100742191076279,-0.02056199125945568,0.004650626331567764,-0.04164859279990196,0.007261017803102732,-0.006377652287483215,0.0015441208379343152,-0.00494247255846858,0.005260661244392395,-0.015711160376667976,-0.036268774420022964,0.003302164375782013,-0.03418691083788872,-0.026384510099887848,-0.012755751609802246,-0.03297673165798187,0.0007013939321041107,-0.01971687376499176,0.010238096117973328,-0.000937362783588469,-0.014628596603870392,-0.009511947631835938,-0.03248288854956627,-0.0160236619412899,-0.026549331843852997,-0.02033820003271103,-0.029178041964769363,-0.02645728550851345,0.003871555207297206,-0.03376443684101105,0.0158750768750906,0.010058490559458733,-0.03384329378604889,-0.000241205096244812,-0.012511410750448704,-0.03566966950893402,-0.01965603046119213,-0.008340604603290558,-0.042552560567855835,-0.01915053278207779,0.01215854100883007,-0.04233371466398239
,,,,,,,,,,,,,,,,,,,,,,,,,,,,,,,,,,,,,,,,,,,,,,,,,,,,,,,,,,,,,,,0.006819956935942173,0.09306780993938446,-0.020473958924412727,-0.019731702283024788,0.07233171164989471,0.0003237612545490265,-0.038677770644426346,0.053705018013715744,0.016185937449336052,-0.055170658975839615,0.03206313028931618,0.038181811571121216,-0.05846806615591049,0.01137915812432766,0.056409869343042374,-0.014683615416288376,-0.0016678634565323591,0.02412503957748413,-0.022460123524069786,-0.028658881783485413,0.02596435323357582,-0.03859676793217659,-0.03536265343427658,0.01127544790506363,-0.055054403841495514,-0.01866193115711212,-0.014244452118873596,0.0009721622918732464,-0.004878283943980932,0.005303889513015747,-0.008250190876424313,-0.03927313908934593,0.0059951841831207275,-0.030127305537462234,-0.04405384510755539,-0.011670142412185669,-0.04655173420906067,-0.02811153419315815,-0.03227752447128296,0.010909853503108025,-0.0005832327296957374,-0.015830188989639282,0.001248104963451624,-0.03485821187496185,-0.015636632218956947,-0.019574569538235664,-0.037027157843112946,-0.033338021486997604,-0.03639598563313484,-0.022497838363051414,-0.0437469519674778,0.015656575560569763,0.011040296405553818,-0.0357397124171257,0.005370080005377531,-0.01382913626730442,-0.03805037960410118,-0.01395435817539692,-0.02245795726776123,-0.05053170025348663,-0.027913765981793404,-0.01573982462286949,-0.05771147832274437
,,,,,,,,,,,,,,,,,,,,,,,,,,,,,,,,,,,,,,,,,,,,,,,,,,,,,,,,,,,,,,,0.014809704385697842,0.09451847523450851,-0.024059953168034554,-0.014926924370229244,0.07556693255901337,-0.006446968764066696,-0.03444959595799446,0.059452325105667114,0.010619498789310455,-0.05412812903523445,0.03994045406579971,0.032634884119033813,-0.06876577436923981,0.021511267870664597,0.05480632930994034,-0.016097113490104675,-0.00138755701482296,0.02174226939678192,-0.023501742631196976,-0.026757042855024338,0.024816498160362244,-0.038662880659103394,-0.03998648747801781,0.013109665364027023,-0.05712557211518288,-0.037332698702812195,-0.015572458505630493,-3.894197288900614e-05,-0.005172513425350189,0.005523465573787689,-0.009061817079782486,-0.03793879970908165,0.007782474160194397,-0.02612256072461605,-0.053960416465997696,-0.006985090672969818,-0.046928077936172485,-0.05386807769536972,-0.03253079950809479,0.010768645443022251,-0.0009890166111290455,-0.013817232102155685,0.0034610116854310036,-0.03275451809167862,-0.013352482579648495,-0.012489154003560543,-0.04690733924508095,-0.029270075261592865,-0.031487252563238144,-0.049893710762262344,-0.04372558742761612,0.017919490113854408,0.011766869574785233,-0.03419218957424164,0.015032860450446606,-0.01436941884458065,-0.03617803007364273,0.002766796387732029,-0.032473377883434296,-0.04645533114671707,-0.010756619274616241,-0.04173778370022774,-0.05925336107611656
,,,,,,,,,,,,,,,,,,,,,,,,,,,,,,,,,,,,,,,,,,,,,,,,,,,,,,,,,,,,,,,0.018893633037805557,0.0944867953658104,-0.015146004036068916,-0.009176608175039291,0.07420068979263306,0.00322173535823822,-0.029484864324331284,0.058488063514232635,0.01747572049498558,-0.04958577826619148,0.03945149853825569,0.03456676006317139,-0.06630890816450119,0.023178979754447937,0.055364977568387985,-0.013673197478055954,-0.0026370713021606207,0.02185511589050293,-0.02048637345433235,-0.029058799147605896,0.024674098938703537,-0.032337527722120285,-0.04349268972873688,0.013886266387999058,-0.04602382704615593,-0.04955103248357773,-0.011078812181949615,-0.0002076741075143218,-0.006197104696184397,0.005151592195034027,-0.007608093786984682,-0.03872726485133171,0.006225705146789551,-0.02059396542608738,-0.059169918298721313,-0.004779830574989319,-0.037483952939510345,-0.06800230592489243,-0.024896100163459778,0.00924321822822094,0.0001092470483854413,-0.014513466507196426,0.003458648454397917,-0.031769759953022,-0.01648455299437046,-0.01022973470389843,-0.0492510162293911,-0.0290504302829504,-0.025276215746998787,-0.060961294919252396,-0.04042787104845047,0.016458947211503983,0.014295823872089386,-0.03464255481958389,0.013790398836135864,-0.010712314397096634,-0.03942202776670456,0.004771814681589603,-0.02948332577943802,-0.04930051043629646,-0.0036161337047815323,-0.04216578230261803,-0.058757368475198746
,,,,,,,,,,,,,,,,,,,,,,,,,,,,,,,,,,,,,,,,,,,,,,,,,,,,,,,,,,,,,,,0.019210169091820717,0.09132274985313416,-0.013159719295799732,-0.008645074442029,0.07142715901136398,0.006635822355747223,-0.02812095358967781,0.05649987980723381,0.021281322464346886,-0.04932728037238121,0.037982918322086334,0.04063503444194794,-0.0664706751704216,0.023574449121952057,0.06073286011815071,-0.012444630265235901,-0.0030491207726299763,0.022239387035369873,-0.020053423941135406,-0.02917718142271042,0.025190571323037148,-0.0316738560795784,-0.04367411881685257,0.01548122800886631,-0.04604931175708771,-0.04983619973063469,-0.007918991148471832,0.0002416031202301383,-0.006040643900632858,0.004797235131263733,-0.007480971980839968,-0.037468668073415756,0.005520179867744446,-0.021974800154566765,-0.0587586835026741,-0.005392082035541534,-0.03851441293954849,-0.06677117943763733,-0.025286182761192322,0.008425255306065083,0.000578245148062706,-0.014976747334003448,0.001297899056226015,-0.030384615063667297,-0.018632907420396805,-0.012835351750254631,-0.04665476083755493,-0.031680814921855927,-0.027925312519073486,-0.056778207421302795,-0.04306098073720932,0.014522330835461617,0.014779922552406788,-0.03453151509165764,0.009692919440567493,-0.009743745438754559,-0.0403108224272728,-6.409035995602608e-05,-0.02670929580926895,-0.050686001777648926,-0.009199648164212704,-0.03901631012558937,-0.058770958334207535
,,,,,,,,,,,,,,,,,,,,,,,,,,,,,,,,,,,,,,,,,,,,,,,,,,,,,,,,,,,,,,,0.01244885753840208,0.09077475965023041,-0.0235382542014122,-0.012326490134000778,0.072976253926754,0.0009813420474529266,-0.030472593382000923,0.05702953040599823,0.022674601525068283,-0.05131688714027405,0.038852281868457794,0.056428879499435425,-0.06506244838237762,0.02235203981399536,0.08943872153759003,-0.009282933548092842,3.915675915777683e-05,0.025722071528434753,-0.015797439962625504,-0.027283193543553352,0.030790016055107117,-0.029053661972284317,-0.042507193982601166,0.022378966212272644,-0.04462824761867523,-0.04490235447883606,-0.0008963197469711304,0.0016275844536721706,-0.005682480521500111,0.005241312086582184,-0.008567478507757187,-0.03636367246508598,0.008615538477897644,-0.025243893265724182,-0.056032828986644745,-0.004199028015136719,-0.044023431837558746,-0.058767229318618774,-0.025707826018333435,0.007264371030032635,-0.0006816023960709572,-0.016903389245271683,-0.003711879253387451,-0.03122641146183014,-0.01598992571234703,-0.02169315703213215,-0.04561123624444008,-0.026934828609228134,-0.039683155715465546,-0.04966234415769577,-0.03599599003791809,0.009096784517168999,0.01116759330034256,-0.03730739653110504,-0.003871685592457652,-0.012612211517989635,-0.03935336321592331,-0.02037244848906994,-0.028465185314416885,-0.046682991087436676,-0.03489653393626213,-0.0351751372218132,-0.05362474173307419
,,,,,,,,,,,,,,,,,,,,,,,,,,,,,,,,,,,,,,,,,,,,,,,,,,,,,,,,,,,,,,,0.00985810812562704,0.09301667660474777,-0.0208762027323246,-0.014198817312717438,0.07170607894659042,0.00405200757086277,-0.032034747302532196,0.054445937275886536,0.023524878546595573,-0.049680329859256744,0.03557887300848961,0.05288185179233551,-0.05943813547492027,0.018764039501547813,0.08105862140655518,-0.009953022934496403,-0.0027395952492952347,0.025497689843177795,-0.014170041307806969,-0.030103236436843872,0.03155403956770897,-0.02815966121852398,-0.04431180655956268,0.020254651084542274,-0.04608813673257828,-0.040207639336586,-0.003538474440574646,0.0018343506380915642,-0.005302866920828819,0.005159705877304077,-0.003249907400459051,-0.03903128206729889,0.006555289030075073,-0.021225035190582275,-0.05256055295467377,-0.009251303970813751,-0.04058772698044777,-0.04578787088394165,-0.03140132874250412,0.007260741200298071,0.0006153588183224201,-0.017398744821548462,0.0007866113446652889,-0.032750144600868225,-0.018522091209888458,-0.018492477014660835,-0.042729057371616364,-0.03315121680498123,-0.037493668496608734,-0.03723999857902527,-0.043377939611673355,0.009433995932340622,0.0127329146489501,-0.037487369030714035,-0.0007328724022954702,-0.011274609714746475,-0.0404469333589077,-0.018021265044808388,-0.02567514404654503,-0.049593694508075714,-0.0333409309387207,-0.029125375673174858,-0.056550733745098114
,,,,,,,,,,,,,,,,,,,,,,,,,,,,,,,,,,,,,,,,,,,,,,,,,,,,,,,,,,,,,,,0.007610849104821682,0.09174972772598267,-0.024265388026833534,-0.015650523826479912,0.0705525204539299,0.00176166370511055,-0.033065006136894226,0.0537845715880394,0.025975776836276054,-0.051777683198451996,0.03400819003582001,0.05993436276912689,-0.06177378445863724,0.016737714409828186,0.09166783094406128,-0.008612011559307575,-0.00115304347127676,0.02620689570903778,-0.012510456144809723,-0.030574781820178032,0.033781394362449646,-0.02825094759464264,-0.04104822129011154,0.022205691784620285,-0.04799125716090202,-0.031001949682831764,-0.00013168156147003174,0.0023337891325354576,-0.0047863805666565895,0.005211345851421356,-0.004486978054046631,-0.039237309247255325,0.00794994831085205,-0.025582242757081985,-0.04920116811990738,-0.0061986371874809265,-0.045968737453222275,-0.03697807341814041,-0.026504993438720703,0.006334344856441021,-0.0006255852058529854,-0.017855629324913025,-0.0018167998641729355,-0.033534057438373566,-0.017757151275873184,-0.023841626942157745,-0.0387071892619133,-0.03084266558289528,-0.04345545917749405,-0.030066795647144318,-0.03886481001973152,0.007323875091969967,0.011286326684057713,-0.038651689887046814,-0.00326673686504364,-0.012922253459692001,-0.04055901989340782,-0.021734170615673065,-0.024290796369314194,-0.04756394401192665,-0.03692920506000519,-0.022872963920235634,-0.05212254822254181
,,,,,,,,,,,,,,,,,,,,,,,,,,,,,,,,,,,,,,,,,,,,,,,,,,,,,,,,,,,,,,,0.009286176413297653,0.09250327944755554,-0.021781018003821373,-0.014039881527423859,0.07136857509613037,0.004875866696238518,-0.03253917023539543,0.054048582911491394,0.031102659180760384,-0.050989747047424316,0.032829493284225464,0.06661371886730194,-0.05789226293563843,0.016524793580174446,0.09787490963935852,-0.008574728854000568,-0.0008794101886451244,0.027440011501312256,-0.015187101438641548,-0.03188738971948624,0.03512800484895706,-0.031614530831575394,-0.03908625617623329,0.022268742322921753,-0.0459878072142601,-0.02098916843533516,0.0031636804342269897,0.002402304671704769,-0.004930131137371063,0.004997260868549347,-0.006949777714908123,-0.0412190742790699,0.00957295298576355,-0.029901493340730667,-0.045367129147052765,-0.0033944547176361084,-0.044048234820365906,-0.024805299937725067,-0.018020495772361755,0.006085049826651812,-0.0007293579401448369,-0.018567010760307312,-0.0034368387423455715,-0.03628219664096832,-0.016054686158895493,-0.02728930674493313,-0.036196019500494,-0.027194838970899582,-0.042206019163131714,-0.020816832780838013,-0.03075466677546501,0.006414115894585848,0.011239389888942242,-0.038739729672670364,-0.00520256906747818,-0.013024402782320976,-0.039173249155282974,-0.02591181918978691,-0.020145665854215622,-0.04404262825846672,-0.038402434438467026,-0.010186342522501945,-0.04501808434724808
,,,,,,,,,,,,,,,,,,,,,,,,,,,,,,,,,,,,,,,,,,,,,,,,,,,,,,,,,,,,,,,0.009795070625841618,0.09119492769241333,-0.02435535006225109,-0.013319517485797405,0.0709335133433342,0.002701985649764538,-0.03232642263174057,0.05371653288602829,0.027685310691595078,-0.04950852692127228,0.032789625227451324,0.061751410365104675,-0.05275467038154602,0.016346367076039314,0.09018903970718384,-0.008079275488853455,4.125293344259262e-06,0.027095630764961243,-0.015105536207556725,-0.029619617387652397,0.032903753221035004,-0.031222842633724213,-0.03533892333507538,0.020839709788560867,-0.045431237667798996,-0.01740908995270729,0.002941623330116272,0.002683647209778428,-0.004889712668955326,0.005130402743816376,-0.007654739078134298,-0.03860990330576897,0.009448200464248657,-0.029575832188129425,-0.042850807309150696,-0.003072865307331085,-0.04192908853292465,-0.024021562188863754,-0.017769619822502136,0.00595425209030509,-0.0011499278480187058,-0.01815950497984886,-0.0047540683299303055,-0.0349792018532753,-0.015014201402664185,-0.027911685407161713,-0.03517783433198929,-0.025923488661646843,-0.04139134660363197,-0.01951511576771736,-0.030686888843774796,0.0058190831914544106,0.009939259849488735,-0.03862844407558441,-0.007132722996175289,-0.01329047977924347,-0.03871675580739975,-0.02706746943295002,-0.019323961809277534,-0.0429515540599823,-0.039660319685935974,-0.009215184487402439,-0.044814370572566986
,,,,,,,,,,,,,,,,,,,,,,,,,,,,,,,,,,,,,,,,,,,,,,,,,,,,,,,,,,,,,,,0.006996599026024342,0.09143267571926117,-0.021188173443078995,-0.015587822534143925,0.07090990245342255,0.005507472902536392,-0.03536766767501831,0.05315908044576645,0.029815342277288437,-0.05144314095377922,0.030560573562979698,0.0624789297580719,-0.049666762351989746,0.01662103459239006,0.09085218608379364,-0.007822658866643906,-0.0011265522334724665,0.0274372398853302,-0.01719759963452816,-0.02981065958738327,0.031742483377456665,-0.03350619971752167,-0.0318814255297184,0.01863982155919075,-0.04386758431792259,-0.010732179507613182,0.0028777718544006348,0.0030944880563765764,-0.005136315245181322,0.005140483379364014,-0.011818429455161095,-0.03734297677874565,0.008210510015487671,-0.03424692526459694,-0.03481738641858101,-0.0030359476804733276,-0.041937295347452164,-0.010891254991292953,-0.012791618704795837,0.005669940263032913,-0.0007241617422550917,-0.018472598865628242,-0.009143774397671223,-0.033053621649742126,-0.01624370738863945,-0.03171961009502411,-0.028635473921895027,-0.02601216360926628,-0.04053089767694473,-0.008984914980828762,-0.02810586243867874,0.004378788638859987,0.01125445868819952,-0.03878811374306679,-0.00945872999727726,-0.011764906346797943,-0.03887222334742546,-0.030626671388745308,-0.015941698104143143,-0.04280287027359009,-0.04112236574292183,-0.004311461932957172,-0.04357273876667023
,,,,,,,,,,,,,,,,,,,,,,,,,,,,,,,,,,,,,,,,,,,,,,,,,,,,,,,,,,,,,,,0.003261963836848736,0.0909489318728447,-0.01922019198536873,-0.01668102666735649,0.06966876983642578,0.0071451421827077866,-0.03546479716897011,0.05245731398463249,0.03221346437931061,-0.05069046840071678,0.029228728264570236,0.06507772207260132,-0.04803166165947914,0.015372717753052711,0.09350723028182983,-0.006145496852695942,-0.0015212276484817266,0.027273088693618774,-0.016813699156045914,-0.030541101470589638,0.03159255534410477,-0.03282831236720085,-0.030903035774827003,0.01922771707177162,-0.04184640571475029,-0.008702842518687248,0.006732851266860962,0.0037621906958520412,-0.004983925726264715,0.004953920841217041,-0.01243097335100174,-0.03752349317073822,0.0084371417760849,-0.03429454565048218,-0.03239108994603157,-0.0004973560571670532,-0.04029348865151405,-0.0063209328800439835,-0.0065712034702301025,0.00420006550848484,-0.0006654675817117095,-0.018109703436493874,-0.0100778266787529,-0.032961856573820114,-0.015732884407043457,-0.03209216147661209,-0.027000775560736656,-0.02263108268380165,-0.038664400577545166,-0.006344942841678858,-0.022700238972902298,0.0016128430142998695,0.011228467337787151,-0.0379311740398407,-0.011544384062290192,-0.012332228943705559,-0.03815194219350815,-0.032282982021570206,-0.014534280635416508,-0.03948070481419563,-0.03988756239414215,-0.0016147680580615997,-0.038085125386714935
,,,,,,,,,,,,,,,,,,,,,,,,,,,,,,,,,,,,,,,,,,,,,,,,,,,,,,,,,,,,,,,0.0023326100781559944,0.08908891677856445,-0.02133498713374138,-0.017451193183660507,0.06860710680484772,0.0057561881840229034,-0.03632630035281181,0.05155644193291664,0.02901800163090229,-0.05150424316525459,0.02918737381696701,0.05861842632293701,-0.04744433984160423,0.016481108963489532,0.08262728154659271,-0.00496555445715785,-0.0016006585210561752,0.027628660202026367,-0.018125656992197037,-0.027653388679027557,0.03075103834271431,-0.03426394984126091,-0.02591274492442608,0.019297271966934204,-0.042951859533786774,-0.002848527394235134,0.010336443781852722,0.004127024207264185,-0.00528413150459528,0.005153588950634003,-0.014580591581761837,-0.03430425748229027,0.009155988693237305,-0.035178571939468384,-0.028117505833506584,0.0013742521405220032,-0.04047344624996185,-0.0035674693062901497,-0.001822546124458313,0.004086670000106096,-8.108170004561543e-05,-0.018010394647717476,-0.012660324573516846,-0.030352769419550896,-0.014233045279979706,-0.03357865661382675,-0.023886995390057564,-0.019279737025499344,-0.03919024392962456,-0.002989330794662237,-0.01826738566160202,0.00036873749922960997,0.011075662449002266,-0.03821444883942604,-0.01573815755546093,-0.011265811510384083,-0.037045594304800034,-0.03573838248848915,-0.01252296194434166,-0.03671560436487198,-0.04140607267618179,0.0007280469872057438,-0.03282421827316284
,,,,,,,,,,,,,,,,,,,,,,,,,,,,,,,,,,,,,,,,,,,,,,,,,,,,,,,,,,,,,,,0.008154175244271755,0.09128938615322113,-0.02107883431017399,-0.014780862256884575,0.07023843377828598,0.0049148425459861755,-0.03333290293812752,0.05244604870676994,0.02584889903664589,-0.04862729087471962,0.027185097336769104,0.05093131959438324,-0.04250333085656166,0.015454263426363468,0.07091005891561508,-0.006773507222533226,-0.0013851190451532602,0.027412742376327515,-0.020862121134996414,-0.027622923254966736,0.027513917535543442,-0.035817671567201614,-0.023200921714305878,0.0150764100253582,-0.04215729981660843,-0.00010704994201660156,0.005800202488899231,0.0032128135208040476,-0.005426130257546902,0.004985488951206207,-0.01575731486082077,-0.034087490290403366,0.006616607308387756,-0.03583933040499687,-0.026428572833538055,-0.0037354156374931335,-0.03843691945075989,-0.0013285349123179913,-0.00785665214061737,0.005389254540205002,-0.0008947314927354455,-0.017669405788183212,-0.013493789359927177,-0.030181260779500008,-0.01709643378853798,-0.033173397183418274,-0.021457957103848457,-0.02518615871667862,-0.03752565011382103,-5.0367321819067e-05,-0.026226326823234558,0.0031336036045104265,0.010819455608725548,-0.038383856415748596,-0.01319657452404499,-0.011560508981347084,-0.03911193460226059,-0.033508699387311935,-0.011344002559781075,-0.04195874556899071,-0.03895419090986252,0.002818649634718895,-0.04109800606966019
,,,,,,,,,,,,,,,,,,,,,,,,,,,,,,,,,,,,,,,,,,,,,,,,,,,,,,,,,,,,,,,0.0070109060034155846,0.09277739375829697,-0.01791936345398426,-0.01567019894719124,0.07116424292325974,0.007808133028447628,-0.03402033820748329,0.0526602528989315,0.02761170081794262,-0.048423781991004944,0.026843450963497162,0.050650596618652344,-0.04179396107792854,0.014748286455869675,0.07040973007678986,-0.007042039185762405,-0.002063893247395754,0.027774840593338013,-0.020982442423701286,-0.029118508100509644,0.02803058922290802,-0.03632393479347229,-0.024088438600301743,0.015522107481956482,-0.0419338122010231,8.796202018857002e-05,0.006248399615287781,0.0030986634083092213,-0.005460099782794714,0.0051611438393592834,-0.0156032033264637,-0.035848598927259445,0.006685525178909302,-0.0354452021420002,-0.027382459491491318,-0.0034419819712638855,-0.03805257007479668,-0.0008218060247600079,-0.007356956601142883,0.005520667415112257,-0.0007942307856865227,-0.017886720597743988,-0.012480432167649269,-0.031064804643392563,-0.016793709248304367,-0.033066365867853165,-0.022574540227651596,-0.025632794946432114,-0.03790096193552017,0.00021614227443933487,-0.024930879473686218,0.003251361660659313,0.011343165300786495,-0.03850138187408447,-0.011982870288193226,-0.011576236225664616,-0.03927631676197052,-0.03373441472649574,-0.012223459780216217,-0.04113810881972313,-0.03986572101712227,0.0030409800820052624,-0.03914957493543625
,,,,,,,,,,,,,,,,,,,,,,,,,,,,,,,,,,,,,,,,,,,,,,,,,,,,,,,,,,,,,,,0.0030285120010375977,0.09173045307397842,-0.0181720107793808,-0.016675155609846115,0.06995297223329544,0.007937485352158546,-0.03533519431948662,0.05258585885167122,0.032315656542778015,-0.05137261748313904,0.028676437214016914,0.06311677396297455,-0.048804596066474915,0.01476595550775528,0.08882412314414978,-0.005659040529280901,-0.002186874160543084,0.028358906507492065,-0.01888005994260311,-0.03007124550640583,0.031243881210684776,-0.03542523831129074,-0.02728595957159996,0.018984314054250717,-0.04370700195431709,-0.004907312337309122,0.009011700749397278,0.003695669351145625,-0.005244286730885506,0.004930071532726288,-0.015351485460996628,-0.03650710731744766,0.008354127407073975,-0.037479203194379807,-0.029256492853164673,0.00033549964427948,-0.042552657425403595,-0.0029713655821979046,-0.0033891648054122925,0.0044583710841834545,-0.0005475177895277739,-0.018266092985868454,-0.0130873192101717,-0.0311744287610054,-0.015372775495052338,-0.03453580290079117,-0.024236099794507027,-0.02103945054113865,-0.04080411419272423,-0.0025190506130456924,-0.018650852143764496,0.0010214666835963726,0.011778264306485653,-0.03847716748714447,-0.013589450158178806,-0.010624258778989315,-0.038397837430238724,-0.03502773493528366,-0.011877669021487236,-0.03770149126648903,-0.0415416844189167,0.0017370297573506832,-0.03334721177816391
,,,,,,,,,,,,,,,,,,,,,,,,,,,,,,,,,,,,,,,,,,,,,,,,,,,,,,,,,,,,,,,0.004379650577902794,0.09172048419713974,-0.017566848546266556,-0.016891682520508766,0.06979914009571075,0.007705795578658581,-0.03623714670538902,0.052403341978788376,0.030345290899276733,-0.05367384850978851,0.028506478294730186,0.060991689562797546,-0.056188106536865234,0.010597307235002518,0.08593359589576721,-0.008069521747529507,-0.001895344816148281,0.027482300996780396,-0.01787472888827324,-0.031167637556791306,0.031138906255364418,-0.034393224865198135,-0.03366957604885101,0.018234245479106903,-0.047062840312719345,-0.014298941940069199,0.0023818761110305786,0.0032321400940418243,-0.005681142210960388,0.004691086709499359,-0.010907849296927452,-0.038566313683986664,0.008568540215492249,-0.03389228880405426,-0.03791329637169838,-0.002050057053565979,-0.045422740280628204,-0.01608259230852127,-0.01175728440284729,0.006421063560992479,0.00015614909352734685,-0.017819585278630257,-0.007896874099969864,-0.03209399804472923,-0.016428101807832718,-0.03217356652021408,-0.02928645722568035,-0.022687677294015884,-0.044880904257297516,-0.012467199005186558,-0.02400195226073265,0.004173586145043373,0.012763991951942444,-0.0374833419919014,-0.010121173225343227,-0.01009397767484188,-0.038343433290719986,-0.03232341259717941,-0.014730753377079964,-0.03969234973192215,-0.04511946812272072,-0.005160294473171234,-0.03841719031333923
,,,,,,,,,,,,,,,,,,,,,,,,,,,,,,,,,,,,,,,,,,,,,,,,,,,,,,,,,,,,,,,0.002470191568136215,0.09125975519418716,-0.022002538666129112,-0.016551589593291283,0.06884033977985382,0.005061410367488861,-0.03587000444531441,0.05158446729183197,0.027140427380800247,-0.053575560450553894,0.029084060341119766,0.059722840785980225,-0.058015890419483185,0.010704516433179379,0.08524353057146072,-0.00747758150100708,-0.001335470355115831,0.027290552854537964,-0.014077459461987019,-0.0306058619171381,0.033256895840168,-0.03019646182656288,-0.03725992143154144,0.021594367921352386,-0.04657045751810074,-0.020616069436073303,0.0035631507635116577,0.0032652337104082108,-0.005105692893266678,0.00463799387216568,-0.005585852079093456,-0.0397205613553524,0.011086434125900269,-0.027876529842615128,-0.04688694700598717,-2.8602778911590576e-05,-0.044212695211172104,-0.03105369210243225,-0.01542837917804718,0.0058300066739320755,-2.730486448854208e-05,-0.01816047541797161,-0.005771948490291834,-0.03455958142876625,-0.015427909791469574,-0.030241917818784714,-0.035745032131671906,-0.022426407784223557,-0.04721389710903168,-0.02256867289543152,-0.025402143597602844,0.0031876121647655964,0.011620201170444489,-0.037910573184490204,-0.012112424708902836,-0.011234026402235031,-0.038277752697467804,-0.032935839146375656,-0.016879117116332054,-0.03992990404367447,-0.0469965860247612,-0.00893944501876831,-0.039439305663108826
,,,,,,,,,,,,,,,,,,,,,,,,,,,,,,,,,,,,,,,,,,,,,,,,,,,,,,,,,,,,,,,0.002969447523355484,0.09259597957134247,-0.023364368826150894,-0.016993001103401184,0.06959979236125946,0.0034245289862155914,-0.03481001779437065,0.05149533599615097,0.02774052508175373,-0.05318522825837135,0.030185695737600327,0.06304232776165009,-0.061597906053066254,0.01193585991859436,0.09348111599683762,-0.007290958892554045,-0.001958635402843356,0.02769675850868225,-0.012576160952448845,-0.030922280624508858,0.034759894013404846,-0.028988564386963844,-0.04158488288521767,0.02353847026824951,-0.048493675887584686,-0.03091684728860855,0.003392815589904785,0.0030314193572849035,-0.0053842999041080475,0.005084171891212463,-0.004785459488630295,-0.03945109620690346,0.009958550333976746,-0.02716751955449581,-0.04979930818080902,-0.0018545985221862793,-0.04613637924194336,-0.038036465644836426,-0.019196972250938416,0.005986109375953674,0.00013803521869704127,-0.01862415485084057,-0.004007329232990742,-0.033860135823488235,-0.016012143343687057,-0.027578018605709076,-0.039162103086709976,-0.02515881322324276,-0.047173380851745605,-0.030213430523872375,-0.030308008193969727,0.003895062953233719,0.012602034956216812,-0.03905058652162552,-0.01040918193757534,-0.01153120119124651,-0.04011429101228714,-0.029877565801143646,-0.021114476025104523,-0.0444861464202404,-0.04500744119286537,-0.018247630447149277,-0.04671590030193329
,,,,,,,,,,,,,,,,,,,,,,,,,,,,,,,,,,,,,,,,,,,,,,,,,,,,,,,,,,,,,,,0.0034898845478892326,0.09140650182962418,-0.024532411247491837,-0.01643441803753376,0.06955119967460632,0.0020820200443267822,-0.035007376223802567,0.052561819553375244,0.02429165504872799,-0.05213958024978638,0.03247492015361786,0.055716291069984436,-0.06258424371480942,0.014823203906416893,0.08155763149261475,-0.006900779437273741,-0.0016849092207849026,0.027572453022003174,-0.012785127386450768,-0.027868621051311493,0.035286106169223785,-0.027511226013302803,-0.040805887430906296,0.026537977159023285,-0.047634631395339966,-0.039413563907146454,0.007516026496887207,0.0030477752443403006,-0.005271390546113253,0.005046859383583069,-0.002328066620975733,-0.037106484174728394,0.010694921016693115,-0.021427538245916367,-0.053962964564561844,-0.0007175207138061523,-0.04335760325193405,-0.048848070204257965,-0.018488958477973938,0.005793329328298569,-0.0004362445615697652,-0.018422065302729607,-0.002734201028943062,-0.03266745060682297,-0.016316279768943787,-0.025492146611213684,-0.04246184229850769,-0.02534283697605133,-0.04695673659443855,-0.03784662485122681,-0.031576890498399734,0.0035056578926742077,0.011730728670954704,-0.03879643976688385,-0.010665676556527615,-0.011741460300981998,-0.041139062494039536,-0.030035151168704033,-0.023418141528964043,-0.044084351509809494,-0.046300336718559265,-0.02425798773765564,-0.046855710446834564
,,,,,,,,,,,,,,,,,,,,,,,,,,,,,,,,,,,,,,,,,,,,,,,,,,,,,,,,,,,,,,,0.002926562912762165,0.09249435365200043,-0.026039665564894676,-0.0164233036339283,0.07018975168466568,0.001903776079416275,-0.034275736659765244,0.05285964533686638,0.02490241266787052,-0.0509660542011261,0.03251122683286667,0.05951060354709625,-0.060991015285253525,0.014868523925542831,0.09007207304239273,-0.006650395691394806,-0.001541321398690343,0.02760586142539978,-0.012362786568701267,-0.028519142419099808,0.03569333255290985,-0.027799449861049652,-0.04170946031808853,0.02702452801167965,-0.048379674553871155,-0.04106776788830757,0.006604284048080444,0.0031096115708351135,-0.005112535785883665,0.005050770938396454,-0.002777014160528779,-0.03680826351046562,0.010283440351486206,-0.021758858114480972,-0.05339672416448593,-0.001336023211479187,-0.04389428347349167,-0.049830786883831024,-0.02045375108718872,0.005368239711970091,-0.0003158009785693139,-0.018437929451465607,-0.002774798311293125,-0.032113101333379745,-0.016416188329458237,-0.02505127526819706,-0.042805254459381104,-0.026033401489257812,-0.04684571921825409,-0.039686694741249084,-0.03278691694140434,0.003756634658202529,0.01163528487086296,-0.0391908697783947,-0.009633651934564114,-0.011785401031374931,-0.04138435050845146,-0.02880571037530899,-0.024010056629776955,-0.04553370550274849,-0.045297879725694656,-0.026706043630838394,-0.04794064909219742
